Cabinet,Territoire,Contact (nom),Email,Telephone,LinkedIn,Source,Date contact,Canal,Statut,Relance prevue,Notes
,Martinique,,,,,,,email+linkedin,a contacter,,
,Guadeloupe,,,,,,,email+linkedin,a contacter,,
,Guyane,,,,,,,email+linkedin,a contacter,,
,Reunion,,,,,,,email+linkedin,a contacter,,
,Martinique,,,,,,,email+linkedin,a contacter,,
,Guadeloupe,,,,,,,email+linkedin,a contacter,,
,Guyane,,,,,,,email+linkedin,a contacter,,
,Reunion,,,,,,,email+linkedin,a contacter,,
,Martinique,,,,,,,email+linkedin,a contacter,,
,Guyane,,,,,,,email+linkedin,a contacter,,
